[  {    "type": "delete",    "url": "/api/book/:userId/id/:bookId",    "title": "Delete Book",    "name": "DeleteBookDetails",    "group": "BookDetails",    "version": "0.1.0",    "success": {      "fields": {        "Success 200": [          {            "group": "Success 200",            "type": "Integer",            "optional": false,            "field": "book_id",            "description": "<p>id of Book.</p>"          },          {            "group": "Success 200",            "type": "Integer",            "optional": false,            "field": "user_id",            "description": "<p>id of User</p>"          },          {            "group": "Success 200",            "type": "String",            "optional": false,            "field": "book_name",            "description": "<p>book name.</p>"          },          {            "group": "Success 200",            "type": "String",            "optional": false,            "field": "book_author",            "description": "<p>book author name.</p>"          },          {            "group": "Success 200",            "type": "String",            "optional": false,            "field": "book_isbn",            "description": "<p>book isbn number.</p>"          },          {            "group": "Success 200",            "type": "String",            "optional": false,            "field": "book_stream",            "description": "<p>book stream.</p>"          },          {            "group": "Success 200",            "type": "String",            "optional": false,            "field": "book_edition",            "description": "<p>Book edition.</p>"          },          {            "group": "Success 200",            "type": "String",            "optional": false,            "field": "book_publisher",            "description": "<p>book publisher .</p>"          },          {            "group": "Success 200",            "type": "String",            "optional": false,            "field": "book_image_path",            "description": "<p>book image location.</p>"          },          {            "group": "Success 200",            "type": "BigDecimal",            "optional": false,            "field": "book_price",            "description": "<p>book price.</p>"          }        ]      },      "examples": [        {          "title": "Success-Response:",          "content": "HTTP/1.1 203 OK",          "type": "json"        }      ]    },    "error": {      "fields": {        "Error 4xx": [          {            "group": "Error 4xx",            "optional": false,            "field": "BookDetailsDeleteError",            "description": "<p>Invalid route- Please pass the user id</p>"          }        ]      },      "examples": [        {          "title": "Error-Response:",          "content": "{\n \"data\": {\n  \"result\": [],\n \"responseCode\": 500, 400\n  \"responseDesc\": \"Invalid route- Please pass the adress id / Internal Server Error\"\n},\n \"HTTPCode\": 500,400\n}",          "type": "json"        }      ]    },    "filename": "../bookapp-backend/controllers/book.js",    "groupTitle": "BookDetails"  },  {    "type": "get",    "url": "/api/book/:userId",    "title": "Get Book",    "name": "GetBookDetails",    "group": "BookDetails",    "version": "0.1.0",    "success": {      "fields": {        "Success 200": [          {            "group": "Success 200",            "type": "Integer",            "optional": false,            "field": "book_id",            "description": "<p>id of Book.</p>"          },          {            "group": "Success 200",            "type": "Integer",            "optional": false,            "field": "user_id",            "description": "<p>id of User</p>"          },          {            "group": "Success 200",            "type": "String",            "optional": false,            "field": "book_name",            "description": "<p>book name.</p>"          },          {            "group": "Success 200",            "type": "String",            "optional": false,            "field": "book_author",            "description": "<p>book author name.</p>"          },          {            "group": "Success 200",            "type": "String",            "optional": false,            "field": "book_isbn",            "description": "<p>book isbn number.</p>"          },          {            "group": "Success 200",            "type": "String",            "optional": false,            "field": "book_stream",            "description": "<p>book stream.</p>"          },          {            "group": "Success 200",            "type": "String",            "optional": false,            "field": "book_edition",            "description": "<p>Book edition.</p>"          },          {            "group": "Success 200",            "type": "String",            "optional": false,            "field": "book_publisher",            "description": "<p>book publisher .</p>"          },          {            "group": "Success 200",            "type": "String",            "optional": false,            "field": "book_image_path",            "description": "<p>book image location.</p>"          },          {            "group": "Success 200",            "type": "BigDecimal",            "optional": false,            "field": "book_price",            "description": "<p>book price.</p>"          }        ]      },      "examples": [        {          "title": "Success-Response:",          "content": "HTTP/1.1 200 OK\n\"data\": {\n  \"result\": [\n    {\n      \"book_id\": 2,\n      \"user_id\": 1,\n      \"book_name\": \"DSC ASC \",\n      \"book_author\": \"Narshima\",\n      \"book_isbn\": \"121sdsds\",\n      \"book_stream\": \"MECH\",\n      \"book_edition\": \"2nd\",\n      \"book_publisher\": \"Crarenet\",\n      \"book_image_path\": \"User/Image/location\",\n      \"book_price\": null,\n      \"first_name\": \"Pandit\",\n      \"middle_name\": \"M\",\n      \"last_name\": \"Biradar\",\n      \"institute_id\": 1,\n      \"mobile_no\": 1,\n      \"email_id\": null\n   }\n  ],\n\t\"responseCode\": 0,\n  \"responseDesc\": \"Successfully Proccessed Request\"\n},\n\"HTTPCode\": 0\n}",          "type": "json"        }      ]    },    "error": {      "fields": {        "Error 4xx": [          {            "group": "Error 4xx",            "optional": false,            "field": "BookDetailsNotFound",            "description": "<p>No Books found  for the user</p>"          }        ]      },      "examples": [        {          "title": "Error-Response:",          "content": "{\n \"data\": {\n  \"result\": [],\n \"responseCode\": 400,\n  \"responseDesc\": \"Invalid route- Please pass the user id'\"\n},\n \"HTTPCode\": 400\n}",          "type": "json"        }      ]    },    "filename": "../bookapp-backend/controllers/book.js",    "groupTitle": "BookDetails"  },  {    "type": "get",    "url": "/api/book/:userId/id/:bookId",    "title": "Get Specified Book",    "name": "GetBookDetailsbyID",    "group": "BookDetails",    "version": "0.1.0",    "success": {      "fields": {        "Success 200": [          {            "group": "Success 200",            "type": "Integer",            "optional": false,            "field": "book_id",            "description": "<p>id of Book.</p>"          },          {            "group": "Success 200",            "type": "Integer",            "optional": false,            "field": "user_id",            "description": "<p>id of User</p>"          },          {            "group": "Success 200",            "type": "String",            "optional": false,            "field": "book_name",            "description": "<p>book name.</p>"          },          {            "group": "Success 200",            "type": "String",            "optional": false,            "field": "book_author",            "description": "<p>book author name.</p>"          },          {            "group": "Success 200",            "type": "String",            "optional": false,            "field": "book_isbn",            "description": "<p>book isbn number.</p>"          },          {            "group": "Success 200",            "type": "String",            "optional": false,            "field": "book_stream",            "description": "<p>book stream.</p>"          },          {            "group": "Success 200",            "type": "String",            "optional": false,            "field": "book_edition",            "description": "<p>Book edition.</p>"          },          {            "group": "Success 200",            "type": "String",            "optional": false,            "field": "book_publisher",            "description": "<p>book publisher .</p>"          },          {            "group": "Success 200",            "type": "String",            "optional": false,            "field": "book_image_path",            "description": "<p>book image location.</p>"          },          {            "group": "Success 200",            "type": "BigDecimal",            "optional": false,            "field": "book_price",            "description": "<p>book price.</p>"          }        ]      },      "examples": [        {          "title": "Success-Response:",          "content": "HTTP/1.1 200 OK\n\"data\": {\n  \"result\": [\n    {\n      \"book_id\": 2,\n      \"user_id\": 1,\n      \"book_name\": \"DSC ASC \",\n      \"book_author\": \"Narshima\",\n      \"book_isbn\": \"121sdsds\",\n      \"book_stream\": \"MECH\",\n      \"book_edition\": \"2nd\",\n      \"book_publisher\": \"Crarenet\",\n      \"book_image_path\": \"User/Image/location\",\n      \"book_price\": null,\n      \"first_name\": \"Pandit\",\n      \"middle_name\": \"M\",\n      \"last_name\": \"Biradar\",\n      \"institute_id\": 1,\n      \"mobile_no\": 1,\n      \"email_id\": null\n   }\n  ],\n\t\"responseCode\": 0,\n  \"responseDesc\": \"Successfully Proccessed Request\"\n},\n\"HTTPCode\": 0\n}",          "type": "json"        }      ]    },    "error": {      "fields": {        "Error 4xx": [          {            "group": "Error 4xx",            "optional": false,            "field": "BookDetailsNotFound",            "description": "<p>No Books found  for the user</p>"          }        ]      },      "examples": [        {          "title": "Error-Response:",          "content": "{\n \"data\": {\n  \"result\": [],\n \"responseCode\": 400,\n  \"responseDesc\": \"Invalid route- Please pass the user id'\"\n},\n \"HTTPCode\": 400\n}",          "type": "json"        }      ]    },    "filename": "../bookapp-backend/controllers/book.js",    "groupTitle": "BookDetails"  },  {    "type": "post",    "url": "/api/book/:userId/",    "title": "New Book",    "name": "PostBookDetails",    "group": "BookDetails",    "version": "0.1.0",    "parameter": {      "fields": {        "Parameter": [          {            "group": "Parameter",            "type": "Integer",            "optional": false,            "field": "book_id",            "description": "<p>id of Book.</p>"          },          {            "group": "Parameter",            "type": "Integer",            "optional": false,            "field": "user_id",            "description": "<p>id of User</p>"          },          {            "group": "Parameter",            "type": "String",            "optional": false,            "field": "book_name",            "description": "<p>book name.</p>"          },          {            "group": "Parameter",            "type": "String",            "optional": false,            "field": "book_author",            "description": "<p>book author name.</p>"          },          {            "group": "Parameter",            "type": "String",            "optional": false,            "field": "book_isbn",            "description": "<p>book isbn number.</p>"          },          {            "group": "Parameter",            "type": "String",            "optional": false,            "field": "book_stream",            "description": "<p>book stream.</p>"          },          {            "group": "Parameter",            "type": "String",            "optional": false,            "field": "book_edition",            "description": "<p>Book edition.</p>"          },          {            "group": "Parameter",            "type": "String",            "optional": false,            "field": "book_publisher",            "description": "<p>book publisher .</p>"          },          {            "group": "Parameter",            "type": "String",            "optional": false,            "field": "book_image_path",            "description": "<p>book image location.</p>"          },          {            "group": "Parameter",            "type": "BigDecimal",            "optional": false,            "field": "book_price",            "description": "<p>book price.</p>"          }        ]      }    },    "success": {      "examples": [        {          "title": "Success-Response:",          "content": "    HTTP/1.1 201 OK\n{\n\"data\": {\n  \"result\": 0,\n  \"responseCode\": 0,\n \"responseDesc\": \"Successfully Processed the Request \"\n},\n\"HTTPCode\": 0\n}",          "type": "json"        }      ]    },    "error": {      "fields": {        "Error 4xx": [          {            "group": "Error 4xx",            "optional": false,            "field": "BookDetailsAddError",            "description": "<p>HTTPCode: 500 Internale Server Error , 400 BAD Request</p>"          }        ]      }    },    "filename": "../bookapp-backend/controllers/book.js",    "groupTitle": "BookDetails"  },  {    "type": "put",    "url": "/api/address/:userId/id/:bookId",    "title": "Edit Book",    "name": "PutBookDetails",    "group": "BookDetails",    "version": "0.1.0",    "parameter": {      "fields": {        "Parameter": [          {            "group": "Parameter",            "type": "Integer",            "optional": false,            "field": "book_id",            "description": "<p>id of Book.</p>"          },          {            "group": "Parameter",            "type": "Integer",            "optional": false,            "field": "user_id",            "description": "<p>id of User</p>"          },          {            "group": "Parameter",            "type": "String",            "optional": false,            "field": "book_name",            "description": "<p>book name.</p>"          },          {            "group": "Parameter",            "type": "String",            "optional": false,            "field": "book_author",            "description": "<p>book author name.</p>"          },          {            "group": "Parameter",            "type": "String",            "optional": false,            "field": "book_isbn",            "description": "<p>book isbn number.</p>"          },          {            "group": "Parameter",            "type": "String",            "optional": false,            "field": "book_stream",            "description": "<p>book stream.</p>"          },          {            "group": "Parameter",            "type": "String",            "optional": false,            "field": "book_edition",            "description": "<p>Book edition.</p>"          },          {            "group": "Parameter",            "type": "String",            "optional": false,            "field": "book_publisher",            "description": "<p>book publisher .</p>"          },          {            "group": "Parameter",            "type": "String",            "optional": false,            "field": "book_image_path",            "description": "<p>book image location.</p>"          },          {            "group": "Parameter",            "type": "BigDecimal",            "optional": false,            "field": "book_price",            "description": "<p>book price.</p>"          }        ]      }    },    "success": {      "examples": [        {          "title": "Success-Response:",          "content": "HTTP/1.1 202 OK\n{\n\"data\": {\n  \"result\": 0,\n  \"responseCode\": 400\n \"responseDesc\": \"BAD Request\"\n},\n\"HTTPCode\": 400\n}",          "type": "json"        }      ]    },    "error": {      "fields": {        "Error 4xx": [          {            "group": "Error 4xx",            "optional": false,            "field": "BookDetailsEditError",            "description": "<p>HTTPCode: 500 Internale Server Error , 400 BAD Request</p>"          }        ]      }    },    "filename": "../bookapp-backend/controllers/book.js",    "groupTitle": "BookDetails"  },  {    "type": "delete",    "url": "/api/institution/:userId/id/:instId",    "title": "Delete Institution",    "name": "DeleteInstitution",    "group": "Institution",    "version": "0.1.0",    "success": {      "fields": {        "Success 200": [          {            "group": "Success 200",            "type": "Integer",            "optional": false,            "field": "institution_info_id",            "description": "<p>id of institution .</p>"          },          {            "group": "Success 200",            "type": "Integer",            "optional": false,            "field": "user_id",            "description": "<p>id of User</p>"          },          {            "group": "Success 200",            "type": "String",            "optional": false,            "field": "name",            "description": "<p>institution name.</p>"          },          {            "group": "Success 200",            "type": "String",            "optional": false,            "field": "university",            "description": "<p>university name.</p>"          },          {            "group": "Success 200",            "type": "String",            "optional": false,            "field": "country",            "description": "<p>country.</p>"          }        ]      },      "examples": [        {          "title": "Success-Response:",          "content": "HTTP/1.1 203 OK",          "type": "json"        }      ]    },    "error": {      "fields": {        "Error 4xx": [          {            "group": "Error 4xx",            "optional": false,            "field": "InstitutionDeleteError",            "description": "<p>Invalid route- Please pass the user id</p>"          }        ]      },      "examples": [        {          "title": "Error-Response:",          "content": "{\n \"data\": {\n  \"result\": [],\n \"responseCode\": 500, 400\n  \"responseDesc\": \"Invalid route- Please pass the adress id / Internal Server Error\"\n},\n \"HTTPCode\": 500,400\n}",          "type": "json"        }      ]    },    "filename": "../bookapp-backend/controllers/institution.js",    "groupTitle": "Institution"  },  {    "type": "get",    "url": "/api/institution/:userId",    "title": "Get Institution",    "name": "GetInstitution",    "group": "Institution",    "version": "0.1.0",    "success": {      "fields": {        "Success 200": [          {            "group": "Success 200",            "type": "Integer",            "optional": false,            "field": "institution_info_id",            "description": "<p>id of institution .</p>"          },          {            "group": "Success 200",            "type": "Integer",            "optional": false,            "field": "user_id",            "description": "<p>id of User</p>"          },          {            "group": "Success 200",            "type": "String",            "optional": false,            "field": "name",            "description": "<p>institution name.</p>"          },          {            "group": "Success 200",            "type": "String",            "optional": false,            "field": "university",            "description": "<p>university name.</p>"          },          {            "group": "Success 200",            "type": "String",            "optional": false,            "field": "country",            "description": "<p>country.</p>"          }        ]      },      "examples": [        {          "title": "Success-Response:",          "content": "HTTP/1.1 200 OK\n{\n\"data\": {\n   \"result\": [\n    {\n       \"institution_info_id\": 2,\n       \"user_id\": 1,\n       \"name\": \"National PUC College Bidar\",\n       \"university\": \"PU Board Bengaluru\",\n       \"state\": \"Karnataka\",\n       \"country\": null,\n       \"first_name\": \"Pandit\",\n       \"middle_name\": \"M\",\n       \"last_name\": \"Biradar\",\n       \"institute_id\": 1,\n       \"mobile_no\": 1,\n      \"email_id\": null\n    }\n   ],\n   \"responseCode\": 0,\n   \"responseDesc\": \"Successfully Proccessed Request\"\n },\n \"HTTPCode\": 0\n}",          "type": "json"        }      ]    },    "error": {      "fields": {        "Error 4xx": [          {            "group": "Error 4xx",            "optional": false,            "field": "InstitutionNotFound",            "description": "<p>No Institution available</p>"          }        ]      },      "examples": [        {          "title": "Error-Response:",          "content": "{\n \"data\": {\n  \"result\": [],\n \"responseCode\": 400,\n  \"responseDesc\": \"Invalid route- Please pass the user id'\"\n},\n \"HTTPCode\": 400\n}",          "type": "json"        }      ]    },    "filename": "../bookapp-backend/controllers/institution.js",    "groupTitle": "Institution"  },  {    "type": "get",    "url": "/api/institution/:userId/id/:instId",    "title": "Get Specified Institution",    "name": "GetInstitutionByID",    "group": "Institution",    "version": "0.1.0",    "success": {      "fields": {        "Success 200": [          {            "group": "Success 200",            "type": "Integer",            "optional": false,            "field": "institution_info_id",            "description": "<p>id of institution .</p>"          },          {            "group": "Success 200",            "type": "Integer",            "optional": false,            "field": "user_id",            "description": "<p>id of User</p>"          },          {            "group": "Success 200",            "type": "String",            "optional": false,            "field": "name",            "description": "<p>institution name.</p>"          },          {            "group": "Success 200",            "type": "String",            "optional": false,            "field": "university",            "description": "<p>university name.</p>"          },          {            "group": "Success 200",            "type": "String",            "optional": false,            "field": "country",            "description": "<p>country.</p>"          }        ]      },      "examples": [        {          "title": "Success-Response:",          "content": "HTTP/1.1 200 OK\n{\n\"data\": {\n   \"result\": [\n    {\n       \"institution_info_id\": 2,\n       \"user_id\": 1,\n       \"name\": \"National PUC College Bidar\",\n       \"university\": \"PU Board Bengaluru\",\n       \"state\": \"Karnataka\",\n       \"country\": null,\n       \"first_name\": \"Pandit\",\n       \"middle_name\": \"M\",\n       \"last_name\": \"Biradar\",\n       \"institute_id\": 1,\n       \"mobile_no\": 1,\n      \"email_id\": null\n    }\n   ],\n   \"responseCode\": 0,\n   \"responseDesc\": \"Successfully Proccessed Request\"\n },\n \"HTTPCode\": 0\n}",          "type": "json"        }      ]    },    "error": {      "fields": {        "Error 4xx": [          {            "group": "Error 4xx",            "optional": false,            "field": "InstitutionNotFound",            "description": "<p>No Institutaion availabe</p>"          }        ]      },      "examples": [        {          "title": "Error-Response:",          "content": "{\n \"data\": {\n  \"result\": [],\n \"responseCode\": 400,\n  \"responseDesc\": \"Invalid route- Please pass the user id'\"\n},\n \"HTTPCode\": 400\n}",          "type": "json"        }      ]    },    "filename": "../bookapp-backend/controllers/institution.js",    "groupTitle": "Institution"  },  {    "type": "post",    "url": "/api/institution/:userId/",    "title": "New Institution",    "name": "PostInstitution",    "group": "Institution",    "version": "0.1.0",    "parameter": {      "fields": {        "Parameter": [          {            "group": "Parameter",            "type": "Integer",            "optional": false,            "field": "institution_info_id",            "description": "<p>id of institution .</p>"          },          {            "group": "Parameter",            "type": "Integer",            "optional": false,            "field": "user_id",            "description": "<p>id of User</p>"          },          {            "group": "Parameter",            "type": "String",            "optional": false,            "field": "name",            "description": "<p>institution name.</p>"          },          {            "group": "Parameter",            "type": "String",            "optional": false,            "field": "university",            "description": "<p>university name.</p>"          },          {            "group": "Parameter",            "type": "String",            "optional": false,            "field": "country",            "description": "<p>country.</p>"          }        ]      }    },    "success": {      "examples": [        {          "title": "Success-Response:",          "content": "    HTTP/1.1 201 OK\n{\n\"data\": {\n  \"result\": 0,\n  \"responseCode\": 0,\n \"responseDesc\": \"Successfully Processed the Request \"\n},\n\"HTTPCode\": 0\n}",          "type": "json"        }      ]    },    "error": {      "fields": {        "Error 4xx": [          {            "group": "Error 4xx",            "optional": false,            "field": "InstitutionAddError",            "description": "<p>HTTPCode: 500 Internale Server Error , 400 BAD Request</p>"          }        ]      }    },    "filename": "../bookapp-backend/controllers/institution.js",    "groupTitle": "Institution"  },  {    "type": "put",    "url": "/api/institution/:userId/id/:instId",    "title": "Edit Institution",    "name": "PutInstitution",    "group": "Institution",    "version": "0.1.0",    "parameter": {      "fields": {        "Parameter": [          {            "group": "Parameter",            "type": "Integer",            "optional": false,            "field": "institution_info_id",            "description": "<p>id of institution .</p>"          },          {            "group": "Parameter",            "type": "Integer",            "optional": false,            "field": "user_id",            "description": "<p>id of User</p>"          },          {            "group": "Parameter",            "type": "String",            "optional": false,            "field": "name",            "description": "<p>institution name.</p>"          },          {            "group": "Parameter",            "type": "String",            "optional": false,            "field": "university",            "description": "<p>university name.</p>"          },          {            "group": "Parameter",            "type": "String",            "optional": false,            "field": "country",            "description": "<p>country.</p>"          }        ]      }    },    "success": {      "examples": [        {          "title": "Success-Response:",          "content": "HTTP/1.1 202 OK\n{\n\"data\": {\n  \"result\": 0,\n  \"responseCode\": 400\n \"responseDesc\": \"BAD Request\"\n},\n\"HTTPCode\": 400\n}",          "type": "json"        }      ]    },    "error": {      "fields": {        "Error 4xx": [          {            "group": "Error 4xx",            "optional": false,            "field": "InstitutionEditError",            "description": "<p>HTTPCode: 500 Internale Server Error , 400 BAD Request }</p>"          }        ]      }    },    "filename": "../bookapp-backend/controllers/institution.js",    "groupTitle": "Institution"  },  {    "type": "delete",    "url": "/api/rack/:rackId",    "title": "Delete Rack",    "name": "DeleteRack",    "group": "Rack",    "version": "0.1.0",    "success": {      "fields": {        "Success 200": [          {            "group": "Success 200",            "type": "Integer",            "optional": false,            "field": "rack_id",            "description": "<p>id of rack .</p>"          },          {            "group": "Success 200",            "type": "String",            "optional": false,            "field": "rack_name",            "description": "<p>name of rack(ie Stream)</p>"          },          {            "group": "Success 200",            "type": "String",            "optional": false,            "field": "book_id",            "description": "<p>id of Book.</p>"          },          {            "group": "Success 200",            "type": "String",            "optional": false,            "field": "book_status",            "description": "<p>book status(Available,Pending,Deliver). HTTP/1.1 203 OK</p>"          }        ]      }    },    "error": {      "fields": {        "Error 4xx": [          {            "group": "Error 4xx",            "optional": false,            "field": "RackDeleteError",            "description": "<p>Invalid route- Please pass the user id</p>"          }        ]      },      "examples": [        {          "title": "Error-Response:",          "content": "{\n \"data\": {\n  \"result\": [],\n \"responseCode\": 500, 400\n  \"responseDesc\": \"Invalid route- Please pass the adress id / Internal Server Error\"\n},\n \"HTTPCode\": 500,400\n}",          "type": "json"        }      ]    },    "filename": "../bookapp-backend/controllers/rack.js",    "groupTitle": "Rack"  },  {    "type": "get",    "url": "/api/rack/",    "title": "Get Rack",    "name": "GetRack",    "group": "Rack",    "version": "0.1.0",    "success": {      "fields": {        "Success 200": [          {            "group": "Success 200",            "type": "Integer",            "optional": false,            "field": "rack_id",            "description": "<p>id of rack .</p>"          },          {            "group": "Success 200",            "type": "String",            "optional": false,            "field": "rack_name",            "description": "<p>name of rack(ie Stream)</p>"          },          {            "group": "Success 200",            "type": "String",            "optional": false,            "field": "book_id",            "description": "<p>id of Book.</p>"          },          {            "group": "Success 200",            "type": "String",            "optional": false,            "field": "book_status",            "description": "<p>book status(Available,Pending,Deliver).</p>"          }        ]      },      "examples": [        {          "title": "Success-Response:",          "content": "{\n\"data\": {\n  \"result\": [\n    {\n      \"rack_id\": 3,\n      \"rack_name\": \"Mechanical\",\n      \"book_id\": 2,\n      \"book_status\": \"pending\",\n      \"user_id\": 1,\n      \"book_name\": \"DSC ASC \",\n      \"book_author\": \"Narshima\",\n      \"book_isbn_no\": \"121sdsds\",\n      \"book_stream\": \"MECH\",\n      \"book_edition\": \"2nd\",\n      \"book_publisher\": \"Crarenet\",\n      \"book_image_path\": \"User/Image/location\",\n      \"book_price\": null\n    }\n    ],\n   \"responseCode\": 0,\n   \"responseDesc\": \"Successfully Proccessed Request\"\n },\n \"HTTPCode\": 0\n}",          "type": "json"        }      ]    },    "error": {      "fields": {        "Error 4xx": [          {            "group": "Error 4xx",            "optional": false,            "field": "RackNotFound",            "description": "<p>No AddressFound for the user</p>"          }        ]      },      "examples": [        {          "title": "Error-Response:",          "content": "{\n \"data\": {\n  \"result\": [],\n \"responseCode\": 400,\n  \"responseDesc\": \"Invalid route- Please pass the user id'\"\n},\n \"HTTPCode\": 400\n}",          "type": "json"        }      ]    },    "filename": "../bookapp-backend/controllers/rack.js",    "groupTitle": "Rack"  },  {    "type": "post",    "url": "/api/rack/",    "title": "New Rack",    "name": "PostRack",    "group": "Rack",    "version": "0.1.0",    "parameter": {      "fields": {        "Parameter": [          {            "group": "Parameter",            "type": "Integer",            "optional": false,            "field": "rack_id",            "description": "<p>id of rack .</p>"          },          {            "group": "Parameter",            "type": "String",            "optional": false,            "field": "rack_name",            "description": "<p>name of rack(ie Stream)</p>"          },          {            "group": "Parameter",            "type": "String",            "optional": false,            "field": "book_id",            "description": "<p>id of Book.</p>"          },          {            "group": "Parameter",            "type": "String",            "optional": false,            "field": "book_status",            "description": "<p>book status(Available,Pending,Deliver).</p>"          }        ]      }    },    "success": {      "examples": [        {          "title": "Success-Response:",          "content": "    HTTP/1.1 201 OK\n{\n\"data\": {\n  \"result\": 0,\n  \"responseCode\": 0,\n \"responseDesc\": \"Successfully Processed the Request \"\n},\n\"HTTPCode\": 0\n}",          "type": "json"        }      ]    },    "error": {      "fields": {        "Error 4xx": [          {            "group": "Error 4xx",            "optional": false,            "field": "RackAddError",            "description": "<p>HTTPCode: 500 Internale Server Error , 400 BAD Request</p>"          }        ]      }    },    "filename": "../bookapp-backend/controllers/rack.js",    "groupTitle": "Rack"  },  {    "type": "put",    "url": "/api/rack/:rackId",    "title": "Edit Rack",    "name": "PutRack",    "group": "Rack",    "version": "0.1.0",    "parameter": {      "fields": {        "Parameter": [          {            "group": "Parameter",            "type": "Integer",            "optional": false,            "field": "rack_id",            "description": "<p>id of rack .</p>"          },          {            "group": "Parameter",            "type": "String",            "optional": false,            "field": "rack_name",            "description": "<p>name of rack(ie Stream)</p>"          },          {            "group": "Parameter",            "type": "String",            "optional": false,            "field": "book_id",            "description": "<p>id of Book.</p>"          },          {            "group": "Parameter",            "type": "String",            "optional": false,            "field": "book_status",            "description": "<p>book status(Available,Pending,Deliver).</p>"          }        ]      }    },    "success": {      "examples": [        {          "title": "Success-Response:",          "content": "HTTP/1.1 202 OK\n{\n\"data\": {\n  \"result\": 0,\n  \"responseCode\": 400\n \"responseDesc\": \"BAD Request\"\n},\n\"HTTPCode\": 400\n}",          "type": "json"        }      ]    },    "error": {      "fields": {        "Error 4xx": [          {            "group": "Error 4xx",            "optional": false,            "field": "RackEditError",            "description": "<p>HTTPCode: 500 Internale Server Error , 400 BAD Request</p>"          }        ]      }    },    "filename": "../bookapp-backend/controllers/rack.js",    "groupTitle": "Rack"  },  {    "type": "get",    "url": "/api/rack/search/:searchString",    "title": "Search Rack",    "name": "SearchRack",    "group": "Rack",    "version": "0.1.0",    "parameter": {      "fields": {        "Parameter": [          {            "group": "Parameter",            "type": "String",            "optional": false,            "field": "searchString",            "description": "<p>pass based on searchInfo param eg. if searchInfo is author then pass the authorname&quot;.</p>"          },          {            "group": "Parameter",            "type": "String",            "optional": false,            "field": "searchInfo",            "description": "<p>Shoulde be &quot;rack or status or author or isbn or stream or edition or publisher&quot;.</p>"          }        ]      }    },    "success": {      "fields": {        "Success 200": [          {            "group": "Success 200",            "type": "Integer",            "optional": false,            "field": "rack_id",            "description": "<p>id of rack .</p>"          },          {            "group": "Success 200",            "type": "String",            "optional": false,            "field": "rack_name",            "description": "<p>name of rack(ie Stream)</p>"          },          {            "group": "Success 200",            "type": "String",            "optional": false,            "field": "book_id",            "description": "<p>id of Book.</p>"          },          {            "group": "Success 200",            "type": "String",            "optional": false,            "field": "book_status",            "description": "<p>book status(Available,Pending,Deliver).</p>"          }        ]      },      "examples": [        {          "title": "Success-Response:",          "content": "{\n\"data\": {\n  \"result\": [\n    {\n      \"rack_id\": 3,\n      \"rack_name\": \"Mechanical\",\n      \"book_id\": 2,\n      \"book_status\": \"pending\",\n      \"user_id\": 1,\n      \"book_name\": \"DSC ASC \",\n      \"book_author\": \"Narshima\",\n      \"book_isbn_no\": \"121sdsds\",\n      \"book_stream\": \"MECH\",\n      \"book_edition\": \"2nd\",\n      \"book_publisher\": \"Crarenet\",\n      \"book_image_path\": \"User/Image/location\",\n      \"book_price\": null\n    }\n    ],\n   \"responseCode\": 0,\n   \"responseDesc\": \"Successfully Proccessed Request\"\n },\n \"HTTPCode\": 0\n}",          "type": "json"        }      ]    },    "error": {      "fields": {        "Error 4xx": [          {            "group": "Error 4xx",            "optional": false,            "field": "RackNotFound",            "description": "<p>No AddressFound for the user</p>"          }        ]      },      "examples": [        {          "title": "Error-Response:",          "content": "{\n \"data\": {\n  \"result\": [],\n \"responseCode\": 400,\n  \"responseDesc\": \"Invalid route- Please pass the user id'\"\n},\n \"HTTPCode\": 400\n}",          "type": "json"        }      ]    },    "filename": "../bookapp-backend/controllers/rack.js",    "groupTitle": "Rack"  },  {    "type": "get",    "url": "/api/rack/sort",    "title": "Sort Rack",    "name": "SortRack",    "group": "Rack",    "version": "0.1.0",    "parameter": {      "fields": {        "Parameter": [          {            "group": "Parameter",            "type": "String",            "optional": false,            "field": "sortInfo",            "description": "<p>Shoulde be &quot;rack or status or author or isbn or stream or edition or publisher&quot;.</p>"          }        ]      }    },    "success": {      "fields": {        "Success 200": [          {            "group": "Success 200",            "type": "Integer",            "optional": false,            "field": "rack_id",            "description": "<p>id of rack .</p>"          },          {            "group": "Success 200",            "type": "String",            "optional": false,            "field": "rack_name",            "description": "<p>name of rack(ie Stream)</p>"          },          {            "group": "Success 200",            "type": "String",            "optional": false,            "field": "book_id",            "description": "<p>id of Book.</p>"          },          {            "group": "Success 200",            "type": "String",            "optional": false,            "field": "book_status",            "description": "<p>book status(Available,Pending,Deliver).</p>"          }        ]      },      "examples": [        {          "title": "Success-Response:",          "content": "{\n\"data\": {\n  \"result\": [\n    {\n      \"rack_id\": 3,\n      \"rack_name\": \"Mechanical\",\n      \"book_id\": 2,\n      \"book_status\": \"pending\",\n      \"user_id\": 1,\n      \"book_name\": \"DSC ASC \",\n      \"book_author\": \"Narshima\",\n      \"book_isbn_no\": \"121sdsds\",\n      \"book_stream\": \"MECH\",\n      \"book_edition\": \"2nd\",\n      \"book_publisher\": \"Crarenet\",\n      \"book_image_path\": \"User/Image/location\",\n      \"book_price\": null\n    }\n    ],\n   \"responseCode\": 0,\n   \"responseDesc\": \"Successfully Proccessed Request\"\n },\n \"HTTPCode\": 0\n}",          "type": "json"        }      ]    },    "error": {      "fields": {        "Error 4xx": [          {            "group": "Error 4xx",            "optional": false,            "field": "RackNotFound",            "description": "<p>No AddressFound for the user</p>"          }        ]      },      "examples": [        {          "title": "Error-Response:",          "content": "{\n \"data\": {\n  \"result\": [],\n \"responseCode\": 400,\n  \"responseDesc\": \"Invalid route- Please pass the user id'\"\n},\n \"HTTPCode\": 400\n}",          "type": "json"        }      ]    },    "filename": "../bookapp-backend/controllers/rack.js",    "groupTitle": "Rack"  },  {    "type": "get",    "url": "/api/streamLookup/:lookupId",    "title": "Get Specified Stream",    "name": "StreamByID",    "group": "StreamLookup",    "version": "0.1.0",    "success": {      "fields": {        "Success 200": [          {            "group": "Success 200",            "type": "Integer",            "optional": false,            "field": "stream_lookup_id",            "description": "<p>id of stream .</p>"          },          {            "group": "Success 200",            "type": "String",            "optional": false,            "field": "stream_lookup_name",            "description": "<p>name of stream</p>"          }        ]      },      "examples": [        {          "title": "Success-Response:",          "content": "{\n\"data\": {\n  \"result\": [\n    {\n      \"stream_lookup_id\": 1,\n      \"stream_lookup_name\": \"Civil\"\n   }\n  ],\n \"responseCode\": 0,\n  \"responseDesc\": \"Successfully Proccessed Request\"\n },\n\"HTTPCode\": 0\n}",          "type": "json"        }      ]    },    "error": {      "fields": {        "Error 4xx": [          {            "group": "Error 4xx",            "optional": false,            "field": "StreamLookupNotFound",            "description": "<p>Not available the Stream</p>"          }        ]      },      "examples": [        {          "title": "Error-Response:",          "content": "{\n \"data\": {\n  \"result\": [],\n \"responseCode\": 400,\n  \"responseDesc\": \"Invalid route- Please pass the lookup id'\"\n},\n \"HTTPCode\": 400\n}",          "type": "json"        }      ]    },    "filename": "../bookapp-backend/controllers/streamLookup.js",    "groupTitle": "StreamLookup"  },  {    "type": "get",    "url": "/api/streamLookup/",    "title": "Get Stream",    "name": "StreamLookup",    "group": "StreamLookup",    "version": "0.1.0",    "success": {      "fields": {        "Success 200": [          {            "group": "Success 200",            "type": "Integer",            "optional": false,            "field": "stream_lookup_id",            "description": "<p>id of stream .</p>"          },          {            "group": "Success 200",            "type": "String",            "optional": false,            "field": "stream_lookup_name",            "description": "<p>name of stream</p>"          }        ]      },      "examples": [        {          "title": "Success-Response:",          "content": "{\n\"data\": {\n  \"result\": [\n    {\n      \"stream_lookup_id\": 1,\n      \"stream_lookup_name\": \"Civil\"\n   }\n  ],\n \"responseCode\": 0,\n  \"responseDesc\": \"Successfully Proccessed Request\"\n },\n\"HTTPCode\": 0\n}",          "type": "json"        }      ]    },    "error": {      "fields": {        "Error 4xx": [          {            "group": "Error 4xx",            "optional": false,            "field": "StreamLookupNotFound",            "description": "<p>Not availbe the Stream</p>"          }        ]      },      "examples": [        {          "title": "Error-Response:",          "content": "{\n \"data\": {\n  \"result\": [],\n \"responseCode\": 400,\n  \"responseDesc\": \"Invalid URL'\"\n},\n \"HTTPCode\": 400\n}",          "type": "json"        }      ]    },    "filename": "../bookapp-backend/controllers/streamLookup.js",    "groupTitle": "StreamLookup"  },  {    "type": "delete",    "url": "/api/transaction/:transactionId",    "title": "Delete Transaction",    "name": "DeleteTransaction",    "group": "Transaction",    "version": "0.1.0",    "success": {      "fields": {        "Success 200": [          {            "group": "Success 200",            "type": "Integer",            "optional": false,            "field": "transaction_id",            "description": "<p>id of Transaction.</p>"          },          {            "group": "Success 200",            "type": "Integer",            "optional": false,            "field": "book_id",            "description": "<p>id of Book</p>"          },          {            "group": "Success 200",            "type": "String",            "optional": false,            "field": "saler_user_id",            "description": "<p>sales user id.</p>"          },          {            "group": "Success 200",            "type": "String",            "optional": false,            "field": "buyer_user_id",            "description": "<p>buyer user id</p>"          },          {            "group": "Success 200",            "type": "String",            "optional": false,            "field": "status",            "description": "<p>status.</p>"          }        ]      },      "examples": [        {          "title": "Success-Response:",          "content": "HTTP/1.1 203 OK",          "type": "json"        }      ]    },    "error": {      "fields": {        "Error 4xx": [          {            "group": "Error 4xx",            "optional": false,            "field": "TransactionDeleteError",            "description": "<p>Invalid route- Please pass the user id</p>"          }        ]      },      "examples": [        {          "title": "Error-Response:",          "content": "{\n \"data\": {\n  \"result\": [],\n \"responseCode\": 500, 400\n  \"responseDesc\": \"Invalid route- Please pass the adress id / Internal Server Error\"\n},\n \"HTTPCode\": 500,400\n}",          "type": "json"        }      ]    },    "filename": "../bookapp-backend/controllers/transaction.js",    "groupTitle": "Transaction"  },  {    "type": "get",    "url": "/api/transaction",    "title": "Get Transaction",    "name": "GetTransaction",    "group": "Transaction",    "version": "0.1.0",    "success": {      "fields": {        "Success 200": [          {            "group": "Success 200",            "type": "Integer",            "optional": false,            "field": "transaction_id",            "description": "<p>id of Transaction.</p>"          },          {            "group": "Success 200",            "type": "Integer",            "optional": false,            "field": "book_id",            "description": "<p>id of Book</p>"          },          {            "group": "Success 200",            "type": "String",            "optional": false,            "field": "saler_user_id",            "description": "<p>sales user id.</p>"          },          {            "group": "Success 200",            "type": "String",            "optional": false,            "field": "buyer_user_id",            "description": "<p>buyer user id</p>"          },          {            "group": "Success 200",            "type": "String",            "optional": false,            "field": "status",            "description": "<p>status.</p>"          }        ]      },      "examples": [        {          "title": "Success-Response:",          "content": "HTTP/1.1 200 OK\n{\n \"data\": {\n \"result\": [\n   {\n     \"transaction_id\": 1,\n     \"book_id\": 2,\n     \"saler_user_id\": 2,\n     \"buyer_user_id\": 2,\n     \"status\": \"pending\"\n   }\n  ],\n\t\"responseCode\": 0,\n  \"responseDesc\": \"Successfully Proccessed Request\"\n},\n\"HTTPCode\": 0\n}",          "type": "json"        }      ]    },    "error": {      "fields": {        "Error 4xx": [          {            "group": "Error 4xx",            "optional": false,            "field": "TransactionNotFound",            "description": "<p>No transaction available</p>"          }        ]      },      "examples": [        {          "title": "Error-Response:",          "content": "{\n \"data\": {\n  \"result\": [],\n \"responseCode\": 400,\n  \"responseDesc\": \"Invalid route- Please pass the user id'\"\n},\n \"HTTPCode\": 400\n}",          "type": "json"        }      ]    },    "filename": "../bookapp-backend/controllers/transaction.js",    "groupTitle": "Transaction"  },  {    "type": "get",    "url": "/api/transaction/users/:userId",    "title": "Get Transaction Specified User",    "name": "GetTransaction",    "group": "Transaction",    "version": "0.1.0",    "parameter": {      "fields": {        "Parameter": [          {            "group": "Parameter",            "optional": false,            "field": "userType",            "defaultValue": "buy or sale",            "description": ""          }        ]      }    },    "success": {      "fields": {        "Success 200": [          {            "group": "Success 200",            "type": "Integer",            "optional": false,            "field": "transaction_id",            "description": "<p>id of Transaction.</p>"          },          {            "group": "Success 200",            "type": "Integer",            "optional": false,            "field": "book_id",            "description": "<p>id of Book</p>"          },          {            "group": "Success 200",            "type": "String",            "optional": false,            "field": "saler_user_id",            "description": "<p>sales user id.</p>"          },          {            "group": "Success 200",            "type": "String",            "optional": false,            "field": "buyer_user_id",            "description": "<p>buyer user id</p>"          },          {            "group": "Success 200",            "type": "String",            "optional": false,            "field": "status",            "description": "<p>status.</p>"          }        ]      },      "examples": [        {          "title": "Success-Response:",          "content": "HTTP/1.1 200 OK\n{\n \"data\": {\n \"result\": [\n   {\n     \"transaction_id\": 1,\n     \"book_id\": 2,\n     \"saler_user_id\": 2,\n     \"buyer_user_id\": 2,\n     \"status\": \"pending\"\n   }\n  ],\n\t\"responseCode\": 0,\n  \"responseDesc\": \"Successfully Proccessed Request\"\n},\n\"HTTPCode\": 0\n}",          "type": "json"        }      ]    },    "error": {      "fields": {        "Error 4xx": [          {            "group": "Error 4xx",            "optional": false,            "field": "TransactionNotFound",            "description": "<p>No transaction available</p>"          }        ]      },      "examples": [        {          "title": "Error-Response:",          "content": "{\n \"data\": {\n  \"result\": [],\n \"responseCode\": 400,\n  \"responseDesc\": \"Invalid route- Please pass the user id'\"\n},\n \"HTTPCode\": 400\n}",          "type": "json"        }      ]    },    "filename": "../bookapp-backend/controllers/transaction.js",    "groupTitle": "Transaction"  },  {    "type": "get",    "url": "/api/transaction/:transactionId",    "title": "Get Specified Transaction",    "name": "GetTransactionByID",    "group": "Transaction",    "version": "0.1.0",    "success": {      "fields": {        "Success 200": [          {            "group": "Success 200",            "type": "Integer",            "optional": false,            "field": "transaction_id",            "description": "<p>id of Transaction.</p>"          },          {            "group": "Success 200",            "type": "Integer",            "optional": false,            "field": "book_id",            "description": "<p>id of Book</p>"          },          {            "group": "Success 200",            "type": "String",            "optional": false,            "field": "saler_user_id",            "description": "<p>sales user id.</p>"          },          {            "group": "Success 200",            "type": "String",            "optional": false,            "field": "buyer_user_id",            "description": "<p>buyer user id</p>"          },          {            "group": "Success 200",            "type": "String",            "optional": false,            "field": "status",            "description": "<p>status.</p>"          }        ]      },      "examples": [        {          "title": "Success-Response:",          "content": "HTTP/1.1 200 OK\n{\n \"data\": {\n \"result\": [\n   {\n     \"transaction_id\": 1,\n     \"book_id\": 2,\n     \"saler_user_id\": 2,\n     \"buyer_user_id\": 2,\n     \"status\": \"pending\"\n   }\n  ],\n\t\"responseCode\": 0,\n  \"responseDesc\": \"Successfully Proccessed Request\"\n},\n\"HTTPCode\": 0\n}",          "type": "json"        }      ]    },    "error": {      "fields": {        "Error 4xx": [          {            "group": "Error 4xx",            "optional": false,            "field": "TransactionNotFound",            "description": "<p>No transaction available</p>"          }        ]      },      "examples": [        {          "title": "Error-Response:",          "content": "{\n \"data\": {\n  \"result\": [],\n \"responseCode\": 400,\n  \"responseDesc\": \"Invalid route- Please pass the user id'\"\n},\n \"HTTPCode\": 400\n}",          "type": "json"        }      ]    },    "filename": "../bookapp-backend/controllers/transaction.js",    "groupTitle": "Transaction"  },  {    "type": "post",    "url": "/api/transaction",    "title": "New Transaction",    "name": "PostTransaction",    "group": "Transaction",    "version": "0.1.0",    "parameter": {      "fields": {        "Parameter": [          {            "group": "Parameter",            "type": "Integer",            "optional": false,            "field": "transaction_id",            "description": "<p>id of Transaction.</p>"          },          {            "group": "Parameter",            "type": "Integer",            "optional": false,            "field": "book_id",            "description": "<p>id of Book</p>"          },          {            "group": "Parameter",            "type": "String",            "optional": false,            "field": "saler_user_id",            "description": "<p>sales user id.</p>"          },          {            "group": "Parameter",            "type": "String",            "optional": false,            "field": "buyer_user_id",            "description": "<p>buyer user id</p>"          },          {            "group": "Parameter",            "type": "String",            "optional": false,            "field": "status",            "description": "<p>status.</p>"          }        ]      }    },    "success": {      "examples": [        {          "title": "Success-Response:",          "content": "    HTTP/1.1 201 OK\n{\n\"data\": {\n  \"result\": 0,\n  \"responseCode\": 0,\n \"responseDesc\": \"Successfully Processed the Request \"\n},\n\"HTTPCode\": 0\n}",          "type": "json"        }      ]    },    "error": {      "fields": {        "Error 4xx": [          {            "group": "Error 4xx",            "optional": false,            "field": "TransactionAddError",            "description": "<p>HTTPCode&quot;: 500 Internale Server Error , 400 BAD Request</p>"          }        ]      }    },    "filename": "../bookapp-backend/controllers/transaction.js",    "groupTitle": "Transaction"  },  {    "type": "put",    "url": "/api/transaction/:transactionId",    "title": "Edit Transaction",    "name": "PutTransaction",    "group": "Transaction",    "version": "0.1.0",    "parameter": {      "fields": {        "Parameter": [          {            "group": "Parameter",            "type": "Integer",            "optional": false,            "field": "transaction_id",            "description": "<p>id of Transaction.</p>"          },          {            "group": "Parameter",            "type": "Integer",            "optional": false,            "field": "book_id",            "description": "<p>id of Book</p>"          },          {            "group": "Parameter",            "type": "String",            "optional": false,            "field": "saler_user_id",            "description": "<p>sales user id.</p>"          },          {            "group": "Parameter",            "type": "String",            "optional": false,            "field": "buyer_user_id",            "description": "<p>buyer user id</p>"          },          {            "group": "Parameter",            "type": "String",            "optional": false,            "field": "status",            "description": "<p>status.</p>"          }        ]      }    },    "success": {      "examples": [        {          "title": "Success-Response:",          "content": "HTTP/1.1 202 OK\n{\n\"data\": {\n  \"result\": 0,\n  \"responseCode\": 400\n \"responseDesc\": \"BAD Request\"\n},\n\"HTTPCode\": 400\n}",          "type": "json"        }      ]    },    "error": {      "fields": {        "Error 4xx": [          {            "group": "Error 4xx",            "optional": false,            "field": "TransactionEditError",            "description": "<p>HTTPCode&quot;: 500 Internale Server Error , 400 BAD Request</p>"          }        ]      }    },    "filename": "../bookapp-backend/controllers/transaction.js",    "groupTitle": "Transaction"  },  {    "type": "delete",    "url": "/api/address/:userId/id/:adressId",    "title": "Delete Address",    "name": "DeleteUserAdreess",    "group": "UserAddress",    "version": "0.1.0",    "success": {      "fields": {        "Success 200": [          {            "group": "Success 200",            "type": "Integer",            "optional": false,            "field": "address_id",            "description": "<p>id of Address.</p>"          },          {            "group": "Success 200",            "type": "Integer",            "optional": false,            "field": "user_id",            "description": "<p>id of User</p>"          },          {            "group": "Success 200",            "type": "String",            "optional": false,            "field": "house_no",            "description": "<p>house number.</p>"          },          {            "group": "Success 200",            "type": "String",            "optional": false,            "field": "street",            "description": "<p>street name.</p>"          },          {            "group": "Success 200",            "type": "String",            "optional": false,            "field": "landmark",            "description": "<p>landmark.</p>"          },          {            "group": "Success 200",            "type": "String",            "optional": false,            "field": "Area",            "description": "<p>Area.</p>"          },          {            "group": "Success 200",            "type": "String",            "optional": false,            "field": "city",            "description": "<p>Mobile No of the User.</p>"          },          {            "group": "Success 200",            "type": "Integer",            "optional": false,            "field": "pincode",            "description": "<p>pincode .</p>"          },          {            "group": "Success 200",            "type": "String",            "optional": false,            "field": "state",            "description": "<p>state.</p>"          }        ]      },      "examples": [        {          "title": "Success-Response:",          "content": "HTTP/1.1 203 OK",          "type": "json"        }      ]    },    "error": {      "fields": {        "Error 4xx": [          {            "group": "Error 4xx",            "optional": false,            "field": "UserAddressDeleteError",            "description": "<p>Invalid route- Please pass the user id</p>"          }        ]      },      "examples": [        {          "title": "Error-Response:",          "content": "{\n \"data\": {\n  \"result\": [],\n \"responseCode\": 500, 400\n  \"responseDesc\": \"Invalid route- Please pass the adress id / Internal Server Error\"\n},\n \"HTTPCode\": 500,400\n}",          "type": "json"        }      ]    },    "filename": "../bookapp-backend/controllers/address.js",    "groupTitle": "UserAddress"  },  {    "type": "get",    "url": "/api/address/:userId",    "title": "GET Address",    "name": "GetUserAddress",    "group": "UserAddress",    "version": "0.1.0",    "success": {      "fields": {        "Success 200": [          {            "group": "Success 200",            "type": "Integer",            "optional": false,            "field": "address_id",            "description": "<p>id of Address.</p>"          },          {            "group": "Success 200",            "type": "Integer",            "optional": false,            "field": "user_id",            "description": "<p>id of User</p>"          },          {            "group": "Success 200",            "type": "String",            "optional": false,            "field": "house_no",            "description": "<p>house number.</p>"          },          {            "group": "Success 200",            "type": "String",            "optional": false,            "field": "street",            "description": "<p>street name.</p>"          },          {            "group": "Success 200",            "type": "String",            "optional": false,            "field": "landmark",            "description": "<p>landmark.</p>"          },          {            "group": "Success 200",            "type": "String",            "optional": false,            "field": "Area",            "description": "<p>Area.</p>"          },          {            "group": "Success 200",            "type": "String",            "optional": false,            "field": "city",            "description": "<p>Mobile No of the User.</p>"          },          {            "group": "Success 200",            "type": "Integer",            "optional": false,            "field": "pincode",            "description": "<p>pincode .</p>"          },          {            "group": "Success 200",            "type": "String",            "optional": false,            "field": "state",            "description": "<p>state.</p>"          }        ]      },      "examples": [        {          "title": "Success-Response:",          "content": "HTTP/1.1 200 OK\n\"data\": {\n  \"result\": [\n   {\n      \"address_id\": 3,\n      \"user_id\": 8,\n      \"house_no\": \"2013\",\n      \"street\": \"Rama Temple\",\n      \"landmark\": \"Rama Temple\",\n      \"Area\": \"Tippsandra\",\n      \"city\": \"Bengaluru\",\n      \"pincode\": 560075,\n      \"state\": \"Karnataka\",\n      \"first_name\": \"Deva\",\n      \"middle_name\": \"R\",\n      \"last_name\": \"Patil\",\n      \"institute_id\": 1,\n      \"mobile_no\": 1,\n      \"email_id\": null\n   }\n  ],\n\t\"responseCode\": 0,\n  \"responseDesc\": \"Successfully Proccessed Request\"\n},\n\"HTTPCode\": 0\n}",          "type": "json"        }      ]    },    "error": {      "fields": {        "Error 4xx": [          {            "group": "Error 4xx",            "optional": false,            "field": "UserAddressNotFound",            "description": "<p>No AddressFound for the user</p>"          }        ]      },      "examples": [        {          "title": "Error-Response:",          "content": "{\n \"data\": {\n  \"result\": [],\n \"responseCode\": 400,\n  \"responseDesc\": \"Invalid route- Please pass the user id'\"\n},\n \"HTTPCode\": 400\n}",          "type": "json"        }      ]    },    "filename": "../bookapp-backend/controllers/address.js",    "groupTitle": "UserAddress"  },  {    "type": "get",    "url": "/api/address/:userId/id/:addressId",    "title": "GET Specified Address",    "name": "GetUserAddressbyID",    "group": "UserAddress",    "version": "0.1.0",    "success": {      "fields": {        "Success 200": [          {            "group": "Success 200",            "type": "Integer",            "optional": false,            "field": "address_id",            "description": "<p>id of Address.</p>"          },          {            "group": "Success 200",            "type": "Integer",            "optional": false,            "field": "user_id",            "description": "<p>id of User</p>"          },          {            "group": "Success 200",            "type": "String",            "optional": false,            "field": "house_no",            "description": "<p>house number.</p>"          },          {            "group": "Success 200",            "type": "String",            "optional": false,            "field": "street",            "description": "<p>street name.</p>"          },          {            "group": "Success 200",            "type": "String",            "optional": false,            "field": "landmark",            "description": "<p>landmark.</p>"          },          {            "group": "Success 200",            "type": "String",            "optional": false,            "field": "Area",            "description": "<p>Area.</p>"          },          {            "group": "Success 200",            "type": "String",            "optional": false,            "field": "city",            "description": "<p>Mobile No of the User.</p>"          },          {            "group": "Success 200",            "type": "Integer",            "optional": false,            "field": "pincode",            "description": "<p>pincode .</p>"          },          {            "group": "Success 200",            "type": "String",            "optional": false,            "field": "state",            "description": "<p>state.</p>"          }        ]      },      "examples": [        {          "title": "Success-Response:",          "content": "HTTP/1.1 200 OK\n\"data\": {\n  \"result\": [\n   {\n      \"address_id\": 3,\n      \"user_id\": 8,\n      \"house_no\": \"2013\",\n      \"street\": \"Rama Temple\",\n      \"landmark\": \"Rama Temple\",\n      \"Area\": \"Tippsandra\",\n      \"city\": \"Bengaluru\",\n      \"pincode\": 560075,\n      \"state\": \"Karnataka\",\n      \"first_name\": \"Deva\",\n      \"middle_name\": \"R\",\n      \"last_name\": \"Patil\",\n      \"institute_id\": 1,\n      \"mobile_no\": 1,\n      \"email_id\": null\n   }\n  ],\n\t\"responseCode\": 0,\n  \"responseDesc\": \"Successfully Proccessed Request\"\n},\n\"HTTPCode\": 0\n}",          "type": "json"        }      ]    },    "error": {      "fields": {        "Error 4xx": [          {            "group": "Error 4xx",            "optional": false,            "field": "UserAddressNotFound",            "description": "<p>No AddressFound for the user</p>"          }        ]      },      "examples": [        {          "title": "Error-Response:",          "content": "{\n \"data\": {\n  \"result\": [],\n \"responseCode\": 400,\n  \"responseDesc\": \"Invalid route- Please pass the user id'\"\n},\n \"HTTPCode\": 400\n}",          "type": "json"        }      ]    },    "filename": "../bookapp-backend/controllers/address.js",    "groupTitle": "UserAddress"  },  {    "type": "post",    "url": "/api/address/:userId",    "title": "New Address",    "name": "PostUserAddress",    "group": "UserAddress",    "version": "0.1.0",    "parameter": {      "fields": {        "Parameter": [          {            "group": "Parameter",            "type": "Integer",            "optional": false,            "field": "address_id",            "description": "<p>id of Address.</p>"          },          {            "group": "Parameter",            "type": "Integer",            "optional": false,            "field": "user_id",            "description": "<p>id of User</p>"          },          {            "group": "Parameter",            "type": "String",            "optional": false,            "field": "house_no",            "description": "<p>house number.</p>"          },          {            "group": "Parameter",            "type": "String",            "optional": false,            "field": "street",            "description": "<p>street name.</p>"          },          {            "group": "Parameter",            "type": "String",            "optional": false,            "field": "landmark",            "description": "<p>landmark.</p>"          },          {            "group": "Parameter",            "type": "String",            "optional": false,            "field": "Area",            "description": "<p>Area.</p>"          },          {            "group": "Parameter",            "type": "String",            "optional": false,            "field": "city",            "description": "<p>Mobile No of the User.</p>"          },          {            "group": "Parameter",            "type": "Integer",            "optional": false,            "field": "pincode",            "description": "<p>pincode .</p>"          },          {            "group": "Parameter",            "type": "String",            "optional": false,            "field": "state",            "description": "<p>state.</p>"          }        ]      }    },    "success": {      "examples": [        {          "title": "Success-Response:",          "content": "    HTTP/1.1 201 OK\n{\n\"data\": {\n  \"result\": 0,\n  \"responseCode\": 0,\n \"responseDesc\": \"Successfully Processed the Request \"\n},\n\"HTTPCode\": 0\n}",          "type": "json"        }      ]    },    "error": {      "fields": {        "Error 4xx": [          {            "group": "Error 4xx",            "optional": false,            "field": "UserAddressAddError",            "description": "<p>HTTPCode: 500 Internale Server Error , 400 BAD Request</p>"          }        ]      }    },    "filename": "../bookapp-backend/controllers/address.js",    "groupTitle": "UserAddress"  },  {    "type": "put",    "url": "/api/address/:userId/id/:adressId",    "title": "Edit Address",    "name": "PutUserAddress",    "group": "UserAddress",    "version": "0.1.0",    "parameter": {      "fields": {        "Parameter": [          {            "group": "Parameter",            "type": "Integer",            "optional": false,            "field": "address_id",            "description": "<p>id of Address.</p>"          },          {            "group": "Parameter",            "type": "Integer",            "optional": false,            "field": "user_id",            "description": "<p>id of User</p>"          },          {            "group": "Parameter",            "type": "String",            "optional": false,            "field": "house_no",            "description": "<p>house number.</p>"          },          {            "group": "Parameter",            "type": "String",            "optional": false,            "field": "street",            "description": "<p>street name.</p>"          },          {            "group": "Parameter",            "type": "String",            "optional": false,            "field": "landmark",            "description": "<p>landmark.</p>"          },          {            "group": "Parameter",            "type": "String",            "optional": false,            "field": "Area",            "description": "<p>Area.</p>"          },          {            "group": "Parameter",            "type": "String",            "optional": false,            "field": "city",            "description": "<p>Mobile No of the User.</p>"          },          {            "group": "Parameter",            "type": "Integer",            "optional": false,            "field": "pincode",            "description": "<p>pincode .</p>"          },          {            "group": "Parameter",            "type": "String",            "optional": false,            "field": "state",            "description": "<p>state.</p>"          }        ]      }    },    "success": {      "examples": [        {          "title": "Success-Response:",          "content": "HTTP/1.1 202 OK\n{\n\"data\": {\n  \"result\": 0,\n  \"responseCode\": 400\n \"responseDesc\": \"BAD Request\"\n},\n\"HTTPCode\": 400\n}",          "type": "json"        }      ]    },    "error": {      "fields": {        "Error 4xx": [          {            "group": "Error 4xx",            "optional": false,            "field": "UserAddressEditError",            "description": "<p>HTTPCode: 500 Internale Server Error , 400 BAD Request</p>"          }        ]      }    },    "filename": "../bookapp-backend/controllers/address.js",    "groupTitle": "UserAddress"  },  {    "type": "delete",    "url": "/api/user/:userId",    "title": "Delete User",    "name": "DeleteUser",    "group": "User",    "version": "0.1.0",    "success": {      "fields": {        "Success 200": [          {            "group": "Success 200",            "type": "Integer",            "optional": false,            "field": "user_id",            "description": "<p>Id of the User.</p>"          },          {            "group": "Success 200",            "type": "String",            "optional": false,            "field": "first_name",            "description": "<p>FirstName of the User.</p>"          },          {            "group": "Success 200",            "type": "String",            "optional": false,            "field": "middle_name",            "description": "<p>LastName of the User.</p>"          },          {            "group": "Success 200",            "type": "String",            "optional": false,            "field": "last_name",            "description": "<p>LastName of the User.</p>"          },          {            "group": "Success 200",            "type": "String",            "optional": false,            "field": "institute_id",            "description": "<p>Institution of the User.</p>"          },          {            "group": "Success 200",            "type": "String",            "optional": false,            "field": "mobile_no",            "description": "<p>Mobile No of the User.</p>"          },          {            "group": "Success 200",            "type": "String",            "optional": false,            "field": "email_id",            "description": "<p>Email of the User.</p>"          }        ]      },      "examples": [        {          "title": "Success-Response:",          "content": "HTTP/1.1 200 OK",          "type": "json"        }      ]    },    "error": {      "fields": {        "Error 4xx": [          {            "group": "Error 4xx",            "optional": false,            "field": "UserDeleteError",            "description": "<p>Invalid route- Please pass the user id</p>"          }        ]      },      "examples": [        {          "title": "Error-Response:",          "content": "{\n \"data\": {\n  \"result\": [],\n \"responseCode\": 400,500\n  \"responseDesc\": \"Invalid route- Please pass the user id/ Internal Server error\"\n},\n \"HTTPCode\": 400\n}",          "type": "json"        }      ]    },    "filename": "../bookapp-backend/controllers/user.js",    "groupTitle": "User"  },  {    "type": "get",    "url": "/api/user",    "title": "Get User",    "name": "GetUser",    "group": "User",    "version": "0.1.0",    "success": {      "fields": {        "Success 200": [          {            "group": "Success 200",            "type": "Integer",            "optional": false,            "field": "user_id",            "description": "<p>Id of the User.</p>"          },          {            "group": "Success 200",            "type": "String",            "optional": false,            "field": "first_name",            "description": "<p>FirstName of the User.</p>"          },          {            "group": "Success 200",            "type": "String",            "optional": false,            "field": "middle_name",            "description": "<p>LastName of the User.</p>"          },          {            "group": "Success 200",            "type": "String",            "optional": false,            "field": "last_name",            "description": "<p>LastName of the User.</p>"          },          {            "group": "Success 200",            "type": "String",            "optional": false,            "field": "institute_id",            "description": "<p>Institution of the User.</p>"          },          {            "group": "Success 200",            "type": "String",            "optional": false,            "field": "mobile_no",            "description": "<p>Mobile No of the User.</p>"          },          {            "group": "Success 200",            "type": "String",            "optional": false,            "field": "email_id",            "description": "<p>Email of the User.</p>"          }        ]      },      "examples": [        {          "title": "Success-Response:",          "content": " HTTP/1.1 200 OK\n   \"data\": {\n\"result\": [\n   {\n    \"user_id\": 1,\n    \"first_name\": \"Pandit\",\n    \"middle_name\": \"M\",\n    \"last_name\": \"Biradar\",\n    \"institute_id\": 1,\n    \"mobile_no\": 1,\n    \"email_id\": null\n   },\n  }",          "type": "json"        }      ]    },    "error": {      "fields": {        "Error 4xx": [          {            "group": "Error 4xx",            "optional": false,            "field": "UserNotFound",            "description": "<p>The No users are availabe</p>"          }        ]      },      "examples": [        {          "title": "Error-Response:",          "content": "{\n \"data\": {\n  \"result\": [],\n \"responseCode\": 400,\n  \"responseDesc\": \"Invalid route- Please pass the user id'\"\n},\n \"HTTPCode\": 400\n}",          "type": "json"        }      ]    },    "filename": "../bookapp-backend/controllers/user.js",    "groupTitle": "User"  },  {    "type": "get",    "url": "/api/user/:userId",    "title": "Get Specified User",    "name": "GetUser",    "group": "User",    "version": "0.1.0",    "success": {      "fields": {        "Success 200": [          {            "group": "Success 200",            "type": "Integer",            "optional": false,            "field": "user_id",            "description": "<p>Id of the User.</p>"          },          {            "group": "Success 200",            "type": "String",            "optional": false,            "field": "first_name",            "description": "<p>FirstName of the User.</p>"          },          {            "group": "Success 200",            "type": "String",            "optional": false,            "field": "middle_name",            "description": "<p>LastName of the User.</p>"          },          {            "group": "Success 200",            "type": "String",            "optional": false,            "field": "last_name",            "description": "<p>LastName of the User.</p>"          },          {            "group": "Success 200",            "type": "String",            "optional": false,            "field": "institute_id",            "description": "<p>Institution of the User.</p>"          },          {            "group": "Success 200",            "type": "String",            "optional": false,            "field": "mobile_no",            "description": "<p>Mobile No of the User.</p>"          },          {            "group": "Success 200",            "type": "String",            "optional": false,            "field": "email_id",            "description": "<p>Email of the User.</p>"          }        ]      },      "examples": [        {          "title": "Success-Response:",          "content": "   HTTP/1.1 200 OK\n   \"data\": {\n\"result\": [\n   {\n    \"user_id\": 1,\n    \"first_name\": \"Pandit\",\n    \"middle_name\": \"M\",\n    \"last_name\": \"Biradar\",\n    \"institute_id\": 1,\n    \"mobile_no\": 1,\n    \"email_id\": as@gmail.com\n   },\n  }",          "type": "json"        }      ]    },    "error": {      "fields": {        "Error 4xx": [          {            "group": "Error 4xx",            "optional": false,            "field": "UserNotFound",            "description": "<p>The No users are availabe</p>"          }        ]      },      "examples": [        {          "title": "Error-Response:",          "content": "{\n \"data\": {\n  \"result\": [],\n \"responseCode\": 400,\n  \"responseDesc\": \"Invalid route- Please pass the user id'\"\n},\n \"HTTPCode\": 400\n}",          "type": "json"        }      ]    },    "filename": "../bookapp-backend/controllers/user.js",    "groupTitle": "User"  },  {    "type": "post",    "url": "/api/user",    "title": "New User",    "name": "PostUser",    "group": "User",    "version": "0.1.0",    "parameter": {      "fields": {        "Parameter": [          {            "group": "Parameter",            "type": "Integer",            "optional": false,            "field": "user_id",            "description": "<p>Id of the User.</p>"          },          {            "group": "Parameter",            "type": "String",            "optional": false,            "field": "first_name",            "description": "<p>FirstName of the User.</p>"          },          {            "group": "Parameter",            "type": "String",            "optional": false,            "field": "middle_name",            "description": "<p>LastName of the User.</p>"          },          {            "group": "Parameter",            "type": "String",            "optional": false,            "field": "last_name",            "description": "<p>LastName of the User.</p>"          },          {            "group": "Parameter",            "type": "String",            "optional": false,            "field": "institute_id",            "description": "<p>Institution of the User.</p>"          },          {            "group": "Parameter",            "type": "String",            "optional": false,            "field": "mobile_no",            "description": "<p>Mobile No of the User.</p>"          },          {            "group": "Parameter",            "type": "String",            "optional": false,            "field": "email_id",            "description": "<p>Email of the User.</p>"          }        ]      }    },    "success": {      "examples": [        {          "title": "Success-Response:",          "content": "    HTTP/1.1 201 OK\n{\n\"data\": {\n  \"result\": 0,\n  \"responseCode\": 0,\n \"responseDesc\": \"Successfully Process the Request\"\n},\n\"HTTPCode\": 0\n}",          "type": "json"        }      ]    },    "error": {      "fields": {        "Error 4xx": [          {            "group": "Error 4xx",            "optional": false,            "field": "UserAddError",            "description": "<p>HTTPCode&quot;: 500 Internale Server Error , 400 BAD Request</p>"          }        ]      }    },    "filename": "../bookapp-backend/controllers/user.js",    "groupTitle": "User"  },  {    "type": "put",    "url": "/api/user/:userId",    "title": "Edit User",    "name": "PutUser",    "group": "User",    "version": "0.1.0",    "parameter": {      "fields": {        "Parameter": [          {            "group": "Parameter",            "type": "Integer",            "optional": false,            "field": "user_id",            "description": "<p>Id of the User.</p>"          },          {            "group": "Parameter",            "type": "String",            "optional": false,            "field": "first_name",            "description": "<p>FirstName of the User.</p>"          },          {            "group": "Parameter",            "type": "String",            "optional": false,            "field": "middle_name",            "description": "<p>LastName of the User.</p>"          },          {            "group": "Parameter",            "type": "String",            "optional": false,            "field": "last_name",            "description": "<p>LastName of the User.</p>"          },          {            "group": "Parameter",            "type": "String",            "optional": false,            "field": "institute_id",            "description": "<p>Institution of the User.</p>"          },          {            "group": "Parameter",            "type": "String",            "optional": false,            "field": "mobile_no",            "description": "<p>Mobile No of the User.</p>"          },          {            "group": "Parameter",            "type": "String",            "optional": false,            "field": "email_id",            "description": "<p>Email of the User.</p>"          }        ]      }    },    "success": {      "examples": [        {          "title": "Success-Response:",          "content": "HTTP/1.1 202 Accepted\n{\n\"data\": {\n  \"result\": 0,\n  \"responseCode\": 202\n \"responseDesc\": \"Successfully Processed the Request\"\n},\n\"HTTPCode\": 200\n}",          "type": "json"        }      ]    },    "error": {      "fields": {        "Error 4xx": [          {            "group": "Error 4xx",            "optional": false,            "field": "UserEditError",            "description": "<p>HTTPCode&quot;: 500 Internale Server Error , 400 BAD Request</p>"          }        ]      }    },    "filename": "../bookapp-backend/controllers/user.js",    "groupTitle": "User"  }]
